{
  "accuracy": 0.9029982363315696,
  "eer": 0.022834866710920585,
  "f1": 0.8926333093599097,
  "per_class_accuracy": {
    "Genuine": 0.9992576095025983,
    "Deepfake": 0.8066852367688022
  },
  "confusion_matrix": [
    [
      5384,
      4
    ],
    [
      1041,
      4344
    ]
  ],
  "threshold": 0.5
}